{
  "meta_title": "",
  "meta_description": "",
  "sections": [
    {
      "type": "banner-slider",
      "autoplay": 9000,
      "full_width": true,
      "slides": [
        {
          "start": "",
          "end": "",
          "img": "/img/uploads/18.png",
          "mobile_img": "/img/uploads/18.png",
          "link": ""
        },
        {
          "start": "",
          "end": "",
          "img": "/img/uploads/38535-a18a8770-b69b-4b24-b67a-c4f953b0a63f.png",
          "mobile_img": "/img/uploads/38535-a18a8770-b69b-4b24-b67a-c4f953b0a63f.png"
        }
      ]
    },
    {
      "type": "info-bar",
      "enabled": true
    },
    {
      "type": "collection-shelf",
      "shuffle": false,
      "limit": 24,
      "page": 1,
      "sort": "news",
      "title": "Queridinhas",
      "collection_id": "6217eed87963422eee1b161e:categories:PAPETES:/papete"
    },
    {
      "type": "collection-shelf",
      "shuffle": false,
      "collection_id": "6217eeef7963422eee1b167c:categories:SALTOS:/salto",
      "sort": "news",
      "title": "MAIS VENDIDOS",
      "headless": false,
      "limit": 24,
      "page": 1
    },
    {
      "type": "collection-shelf",
      "shuffle": true,
      "limit": 24,
      "page": 1,
      "sort": "views",
      "title": "Cintos",
      "collection_id": "621558ec7963422eee155800:categories:CINTOS:/cintos"
    },
    {
      "type": "responsive-banner",
      "img": "/img/uploads/destaque-do-mes-3-.png",
      "link": "https://rachelstreetshoes.com.br/rasteirinhadeamarrarpreta",
      "mobile_img": "/img/uploads/destaque-do-mes-3-.png"
    },
    {
      "type": "collection-shelf",
      "shuffle": false,
      "limit": 12,
      "page": 1,
      "collection_id": "6217eec37963422eee1b15e4:categories:RASTEIRAS:/rasteiras",
      "sort": "news",
      "title": "RASTY"
    },
    {
      "type": "collection-shelf",
      "shuffle": true,
      "limit": 24,
      "page": 1,
      "collection_id": "62cdde89eb85911216847133:categories:BOLSAS:/bolsas",
      "sort": "views",
      "title": "Bags"
    },
    {
      "type": "collection-shelf",
      "shuffle": false,
      "limit": 12,
      "page": 1,
      "sort": "lowest_price",
      "collection_id": "6217f0477963422eee1b1b81:categories:VALE PRESENTE:/vale-presente",
      "title": "VALE PRESENTE"
    },
    {
      "type": "collection-shelf",
      "shuffle": false,
      "limit": 24,
      "page": 1,
      "collection_id": "62155ad77963422eee155c68:categories:PAR DA SORTE:/pardasorte",
      "sort": "views",
      "title": "Par da Sorte"
    }
  ]
}